{
    "DataType": "ToggleableSurfaceItemData",
    "DataVersion": 0,
    "GameVersion": "0.3.4f4",
    "GUID": "373eccfc-99dd-4dc6-9e89-c222fdcdbef9",
    "ItemString": "{\n    \"DataType\": \"ItemData\",\n    \"DataVersion\": 0,\n    \"GameVersion\": \"0.3.4f4\",\n    \"ID\": \"modernwalllamp\",\n    \"Quantity\": 1\n}",
    "LoadOrder": 0,
    "ParentSurfaceGUID": "0fa7ed8e-074d-4d9b-a7e9-65221a9aa99e",
    "RelativePosition": {
        "x": -8.547012329101563,
        "y": -0.05000019073486328,
        "z": -1.914305567741394
    },
    "RelativeRotation": {
        "x": 0.7071070075035095,
        "y": 0.0,
        "z": 0.0,
        "w": 0.7071065306663513
    },
    "IsOn": true
}