{
    "DataType": "ToggleableSurfaceItemData",
    "DataVersion": 0,
    "GameVersion": "0.3.4f4",
    "GUID": "2339f183-b605-4868-b388-5bfcc379c5b5",
    "ItemString": "{\n    \"DataType\": \"ItemData\",\n    \"DataVersion\": 0,\n    \"GameVersion\": \"0.3.4f4\",\n    \"ID\": \"modernwalllamp\",\n    \"Quantity\": 1\n}",
    "LoadOrder": 0,
    "ParentSurfaceGUID": "8499c6cb-d91b-4fd6-851d-705dc2e3c4f0",
    "RelativePosition": {
        "x": -4.7450056076049809,
        "y": -4.994415283203125,
        "z": -0.014537334442138672
    },
    "RelativeRotation": {
        "x": 0.4995410144329071,
        "y": 0.5013744235038757,
        "z": 0.4995410144329071,
        "w": 0.4995410144329071
    },
    "IsOn": true
}