{
    "DataType": "ToggleableSurfaceItemData",
    "DataVersion": 0,
    "GameVersion": "0.3.4f4",
    "GUID": "5831435f-7258-4eeb-8723-21ef2d2285f4",
    "ItemString": "{\n    \"DataType\": \"ItemData\",\n    \"DataVersion\": 0,\n    \"GameVersion\": \"0.3.4f4\",\n    \"ID\": \"modernwalllamp\",\n    \"Quantity\": 1\n}",
    "LoadOrder": 0,
    "ParentSurfaceGUID": "cbba3852-883a-4e06-95eb-3d1888899f96",
    "RelativePosition": {
        "x": 3.968191146850586,
        "y": 0.04518437385559082,
        "z": -1.582551121711731
    },
    "RelativeRotation": {
        "x": 0.0,
        "y": 0.7071065306663513,
        "z": 0.7071070075035095,
        "w": 0.0
    },
    "IsOn": true
}