{
    "DataType": "ToggleableSurfaceItemData",
    "DataVersion": 0,
    "GameVersion": "0.3.4f4",
    "GUID": "6a974cf9-336a-4642-bfc6-01ee0da1958f",
    "ItemString": "{\n    \"DataType\": \"ItemData\",\n    \"DataVersion\": 0,\n    \"GameVersion\": \"0.3.4f4\",\n    \"ID\": \"modernwalllamp\",\n    \"Quantity\": 1\n}",
    "LoadOrder": 0,
    "ParentSurfaceGUID": "2c6bde9a-21f1-4372-bc85-e1669780ba13",
    "RelativePosition": {
        "x": 1.4433627128601075,
        "y": 0.05000019073486328,
        "z": 0.2763679027557373
    },
    "RelativeRotation": {
        "x": 0.0,
        "y": 0.7071070075035095,
        "z": 0.7071065306663513,
        "w": 0.0
    },
    "IsOn": true
}