{
    "DataType": "ToggleableSurfaceItemData",
    "DataVersion": 0,
    "GameVersion": "0.3.4f4",
    "GUID": "8e036510-78df-49e6-b3e8-0322b5899aec",
    "ItemString": "{\n    \"DataType\": \"ItemData\",\n    \"DataVersion\": 0,\n    \"GameVersion\": \"0.3.4f4\",\n    \"ID\": \"modernwalllamp\",\n    \"Quantity\": 1\n}",
    "LoadOrder": 0,
    "ParentSurfaceGUID": "dce92bbd-24cb-4e3b-9090-6ec46b0159c1",
    "RelativePosition": {
        "x": 3.680633544921875,
        "y": 0.050000131130218509,
        "z": 0.5115553736686707
    },
    "RelativeRotation": {
        "x": 0.0,
        "y": 0.7071070075035095,
        "z": 0.7071065306663513,
        "w": 0.0
    },
    "IsOn": true
}