{
    "DataType": "ToggleableSurfaceItemData",
    "DataVersion": 0,
    "GameVersion": "0.3.4f4",
    "GUID": "55271d44-3b35-4ef2-a4b9-9e0e745c2cdf",
    "ItemString": "{\n    \"DataType\": \"ItemData\",\n    \"DataVersion\": 0,\n    \"GameVersion\": \"0.3.4f4\",\n    \"ID\": \"modernwalllamp\",\n    \"Quantity\": 1\n}",
    "LoadOrder": 0,
    "ParentSurfaceGUID": "11ad4c5a-9a8e-4cca-bd21-08e3b142d185",
    "RelativePosition": {
        "x": -0.04499879106879234,
        "y": -1.4035969972610474,
        "z": 0.8325945734977722
    },
    "RelativeRotation": {
        "x": -0.48570334911346438,
        "y": 0.527866780757904,
        "z": 0.4995410144329071,
        "w": -0.48570334911346438
    },
    "IsOn": true
}