{
    "DataType": "SurfaceItemData",
    "DataVersion": 0,
    "GameVersion": "0.3.4f4",
    "GUID": "5bbc34da-e98f-4e3d-9ed7-bdd468f1c4c9",
    "ItemString": "{\n    \"DataType\": \"ItemData\",\n    \"DataVersion\": 0,\n    \"GameVersion\": \"0.3.4f4\",\n    \"ID\": \"artworkrapscallion\",\n    \"Quantity\": 1\n}",
    "LoadOrder": 25,
    "ParentSurfaceGUID": "d24beeb6-5984-4441-81b2-a300b62ae701",
    "RelativePosition": {
        "x": 2.2548370361328127,
        "y": 0.10999912023544312,
        "z": 0.53005450963974
    },
    "RelativeRotation": {
        "x": 0.0,
        "y": 0.7071070075035095,
        "z": 0.7071065306663513,
        "w": 0.0
    }
}