{
    "DataType": "ToggleableSurfaceItemData",
    "DataVersion": 0,
    "GameVersion": "0.3.4f4",
    "GUID": "c7eaef09-25ce-4863-89a7-4bc3de1d9eec",
    "ItemString": "{\n    \"DataType\": \"ItemData\",\n    \"DataVersion\": 0,\n    \"GameVersion\": \"0.3.4f4\",\n    \"ID\": \"modernwalllamp\",\n    \"Quantity\": 1\n}",
    "LoadOrder": 0,
    "ParentSurfaceGUID": "d24beeb6-5984-4441-81b2-a300b62ae701",
    "RelativePosition": {
        "x": -3.9229736328125,
        "y": 0.04999899864196777,
        "z": -1.9768327474594117
    },
    "RelativeRotation": {
        "x": 0.0,
        "y": 0.7071070075035095,
        "z": 0.7071065306663513,
        "w": 0.0
    },
    "IsOn": true
}