{
    "DataType": "ToggleableSurfaceItemData",
    "DataVersion": 0,
    "GameVersion": "0.3.4f4",
    "GUID": "f71e057f-9630-4334-8388-45cd733c37ce",
    "ItemString": "{\n    \"DataType\": \"ItemData\",\n    \"DataVersion\": 0,\n    \"GameVersion\": \"0.3.4f4\",\n    \"ID\": \"modernwalllamp\",\n    \"Quantity\": 1\n}",
    "LoadOrder": 0,
    "ParentSurfaceGUID": "2db00453-6535-4e07-a915-33b830194978",
    "RelativePosition": {
        "x": -0.7960052490234375,
        "y": -0.05000025033950806,
        "z": 0.49954578280448916
    },
    "RelativeRotation": {
        "x": 0.7071070075035095,
        "y": 0.0,
        "z": 0.0,
        "w": 0.7071065306663513
    },
    "IsOn": true
}