{
    "DataType": "ToggleableSurfaceItemData",
    "DataVersion": 0,
    "GameVersion": "0.3.4f4",
    "GUID": "b21f797a-2292-4874-9920-4475e5767086",
    "ItemString": "{\n    \"DataType\": \"ItemData\",\n    \"DataVersion\": 0,\n    \"GameVersion\": \"0.3.4f4\",\n    \"ID\": \"modernwalllamp\",\n    \"Quantity\": 1\n}",
    "LoadOrder": 0,
    "ParentSurfaceGUID": "cbba3852-883a-4e06-95eb-3d1888899f96",
    "RelativePosition": {
        "x": -1.2747807502746583,
        "y": 0.04518511891365051,
        "z": -0.2640642821788788
    },
    "RelativeRotation": {
        "x": 0.0,
        "y": 0.7071065306663513,
        "z": 0.7071070075035095,
        "w": 0.0
    },
    "IsOn": true
}